simbolo,nombre,decision,motivo,grupo_empresa
AAISA.SN,Administradora Americana de Inversiones S.A.,Candidata,,AAISA
ABC.SN,abc S.A.,Candidata,,ABC
AGUAS-A.SN,Aguas Andinas S.A.,Candidata,,AGUAS-A
ALMENDRAL.SN,Almendral S.A.,Candidata,,ALMENDRAL
ANDINA-A.SN,Embotelladora Andina S.A.,Candidata,,ANDINA
ANDINA-B.SN,Embotelladora Andina S.A.,Candidata,,ANDINA
ANTARCHILE.SN,AntarChile S.A.,Candidata,,ANTARCHILE
BANVIDA.SN,Banvida S.A.,Candidata,,BANVIDA
BCI.SN,Banco de Crédito e Inversiones,Candidata,,BCI
BESALCO.SN,Besalco S.A.,Candidata,,BESALCO
BICE.SN,Bicecorp S.A.,Candidata,,BICE
BSANTANDER.SN,Banco Santander-Chile,Candidata,,BSANTANDER
CAMANCHACA.SN,Camanchaca S.A.,Candidata,,CAMANCHACA
CAP.SN,CAP S.A.,Candidata,,CAP
CAROZZI.SN,Carozzi S.A.,Candidata,,CAROZZI
CCU.SN,Compañía Cervecerías Unidas S.A.,Candidata,,CCU
CENCOMALLS.SN,Cencosud Shopping S.A.,Candidata,,CENCOMALLS
CENCOSUD.SN,Cencosud S.A.,Candidata,,CENCOSUD
CGE.SN,Compañía General de Electricidad S.A.,Candidata,,CGE
CGET.SN,CGE Transmisión S.A.,Candidata,,CGET
CHILE.SN,Banco de Chile,Candidata,,CHILE
CINTAC.SN,Cintac S.A.,Candidata,,CINTAC
CMPC.SN,Empresas CMPC S.A.,Candidata,,CMPC
COLBUN.SN,Colbún S.A.,Candidata,,COLBUN
CONCHATORO.SN,Viña Concha y Toro S.A.,Candidata,,CONCHATORO
COPEC.SN,Empresas Copec S.A.,Candidata,,COPEC
DUNCANFOX.SN,Duncan Fox S.A.,Candidata,,DUNCANFOX
ECL.SN,Engie Energia Chile S.A.,Candidata,,ECL
EDELMAG.SN,Empresa Eléctrica de Magallanes S.A.,Candidata,,EDELMAG
EISA.SN,Echeverría Izquierdo S.A.,Candidata,,EISA
ELECMETAL.SN,Compañía Electro Metalúrgica S.A.,Candidata,,ELECMETAL
EMBONOR-B.SN,Coca-Cola Embonor S.A.,Candidata,,EMBONOR-B
ENAEX.SN,Enaex S.A.,Candidata,,ENAEX
ENELAM.SN,Enel Américas S.A.,Candidata,,ENELAM
ENELCHILE.SN,Enel Chile S.A.,Candidata,,ENELCHILE
ENELGXCH.SN,Enel Generación Chile S.A.,Candidata,,ENELGXCH
ENLASA.SN,Energía Latina S.A.,Candidata,,ENLASA
ENTEL.SN,Empresa Nacional de Telecomunicaciones S.A.,Candidata,,ENTEL
FALABELLA.SN,Falabella S.A.,Candidata,,FALABELLA
FORUS.SN,Forus S.A.,Candidata,,FORUS
GASCO.SN,Empresas Gasco S.A.,Candidata,,GASCO
GASCOINV.SN,Gasco Inversiones S.A.,Candidata,,GASCOINV
HIPERMARC.SN,Hipermarc S.A.,Candidata,,HIPERMARC
HITES.SN,Empresas Hites S.A.,Candidata,,HITES
IAM.SN,Inversiones Aguas Metropolitanas S.A.,Candidata,,IAM
ILC.SN,Inversiones La Construcción S.A.,Candidata,,ILC
INDISA.SN,Instituto de Diagnóstico S.A.,Candidata,,INDISA
INGEVEC.SN,Ingevec S.A.,Candidata,,INGEVEC
INVERCAP.SN,Invercap S.A.,Candidata,,INVERCAP
ITAUCL.SN,Banco Itaú Chile,Candidata,,ITAUCL
LAS-CONDES.SN,Clínica Las Condes S.A.,Candidata,,LAS-CONDES
LIPIGAS.SN,Empresas Lipigas S.A.,Candidata,,LIPIGAS
LTM.SN,LATAM Airlines Group S.A.,Candidata,,LTM
MALLPLAZA.SN,Plaza S.A.,Candidata,,MALLPLAZA
MANQUEHUE.SN,Inmobiliaria Manquehue S.A.,Candidata,,MANQUEHUE
MARBELLACC.SN,Marbella Country Club S.A.,Candidata,,MARBELLACC
MASISA.SN,Masisa S.A.,Candidata,,MASISA
MINERA.SN,Minera Valparaiso S.A.,Candidata,,MINERA
MOLLER.SN,Empresa Constructora Moller y Pérez Cotapos S.A.,Candidata,,MOLLER
MOLYMET.SN,Molibdenos y Metales S.A.,Candidata,,MOLYMET
MULTI-X.SN,Multiexport Foods S.A.,Candidata,,MULTI-X
NAVIERA.SN,Grupo Empresas Navieras S.A.,Candidata,,NAVIERA
NTGCLGAS.SN,Naturgy Chile Gas Natural S.A.,Candidata,,NTGCLGAS
NUAM.SN,Nuam S.A.,Candidata,,NUAM
PAMPA.SN,Pampa Investments S.A.,Candidata,,PAMPA
PARAUCO.SN,Parque Arauco S.A.,Candidata,,PARAUCO
PASUR.SN,Forestal Constructora y Comercial del Pacifico Sur SA,Candidata,,PASUR
PAZ.SN,Paz Corp S.A.,Candidata,,PAZ
PEHUENCHE.SN,Empresa Eléctrica Pehuenche S.A.,Candidata,,PEHUENCHE
POTASIOS-A.SN,Potasios Investments S.A.,Candidata,,POTASIOS-A
PUCOBRE.SN,Sociedad Punta del Cobre S.A.,Candidata,,PUCOBRE
QUINENCO.SN,Quiñenco SA,Candidata,,QUINENCO
RIPLEY.SN,Ripley Corp S.A.,Candidata,,RIPLEY
SALFACORP.SN,SalfaCorp S.A.,Candidata,,SALFACORP
SCHWAGER.SN,Schwager S.A.,Candidata,,SCHWAGER
SCOTIABKCL.SN,Scotiabank Chile S.A.,Candidata,,SCOTIABKCL
SIEMEL.SN,Inversiones Siemel S.A.,Candidata,,SIEMEL
SK.SN,Sigdo Koppers S.A.,Candidata,,SK
SMSAAM.SN,Sociedad Matriz SAAM S.A.,Candidata,,SMSAAM
SMU.SN,SMU S.A.,Candidata,,SMU
SOCOVESA.SN,Socovesa S.A.,Candidata,,SOCOVESA
SONDA.SN,Sonda S.A.,Candidata,,SONDA
SOQUICOM.SN,Soquimich Comercial S.A.,Candidata,,SOQUICOM
SQM-A.SN,Sociedad Química y Minera de Chile S.A.,Candidata,,SQM
SQM-B.SN,Sociedad Química y Minera de Chile S.A.,Candidata,,SQM
TRICAHUE.SN,Inversiones Tricahue S.A.,Candidata,,TRICAHUE
TRICOT.SN,Empresas Tricot S.A.,Candidata,,TRICOT
VAPORES.SN,Compañía Sud Americana de Vapores S.A.,Candidata,,VAPORES
WATTS.SN,Watt's S.A.,Candidata,,WATTS
ZOFRI.SN,Zona Franca de Iquique S.A.,Candidata,,ZOFRI
AAPLCL1.SN,APPLE INC.,Excluida,Variante de ticker sin datos,
AAXJ1.SN,ISHARES MSCI ALL COUNTRY ASIA E,Excluida,Variante de ticker sin datos,
ACWI1.SN,ISHARES MSCI ACWI ETF,Excluida,Valor extranjero o ETF (mercado internacional),
ACWXCL1.SN,ISHARES MSCI ACWI EX U.S. ETF,Excluida,Valor extranjero o ETF (mercado internacional),
AGG1.SN,ISHARES CORE U.S. AGGREGATE BON,Excluida,Variante de ticker sin datos,
AGUAS-A1.SN,"AGUAS ANDINAS S.A., SERIE A",Excluida,Variante de ticker sin datos,
AMDCL.SN,"Advanced Micro Devices, Inc.",Excluida,Valor extranjero o ETF (mercado internacional),
AMDCL1.SN,ADVANCED MICRO DEVICES INC.,Excluida,Variante de ticker sin datos,
AMZN.SN,"Amazon.com, Inc.",Excluida,Valor extranjero o ETF (mercado internacional),
AMZN1.SN,AMAZON COM INC,Excluida,Variante de ticker sin datos,
AMZNCL.SN,"Amazon.com, Inc.",Excluida,Valor extranjero o ETF (mercado internacional),
AMZNCL1.SN,AMAZON COM INC.,Excluida,Variante de ticker sin datos,
ANDINA-B0.SN,EMBOTELLADORA ANDINA S.A. SERIE,Excluida,Variante de ticker sin datos,
ANDINA-B1.SN,EMBOTELLADORA ANDINA S.A. SERIE,Excluida,Variante de ticker sin datos,
ARTY1.SN,ISHARES ROBOT AND ARTIF INTELLI,Excluida,Variante de ticker sin datos,
AVGOCL1.SN,BROADCOM INC.,Excluida,Variante de ticker sin datos,
BCI0.SN,BANCO DE CREDITO E INVERSIONES,Excluida,Variante de ticker sin datos,
BCI1.SN,BANCO DE CREDITO E INVERSIONES,Excluida,Variante de ticker sin datos,
BESALCO0.SN,BESALCO S.A.,Excluida,Variante de ticker sin datos,
BICE0.SN,,Excluida,Variante de ticker sin datos,
BRKBCL1.SN,BERKSHIRE HATHAWAY INC.,Excluida,Variante de ticker sin datos,
BSANTANDER0.SN,BANCO SANTANDER-CHILE,Excluida,Variante de ticker sin datos,
BSANTANDER1.SN,BANCO SANTANDER-CHILE,Excluida,Variante de ticker sin datos,
C1.SN,CITIGROUP INC,Excluida,Variante de ticker sin datos,
CAP0.SN,CAP S.A.,Excluida,Variante de ticker sin datos,
CAP1.SN,CAP S.A.,Excluida,Variante de ticker sin datos,
CAT1.SN,CATERPILLAR INC,Excluida,Variante de ticker sin datos,
CATCL1.SN,,Excluida,Variante de ticker sin datos,
CCU0.SN,COMPANIA CERVECERIAS UNIDAS S.A,Excluida,Variante de ticker sin datos,
CCU1.SN,COMPANIA CERVECERIAS UNIDAS S.A,Excluida,Variante de ticker sin datos,
CENCOMALLS0.SN,CENCOSUD SHOPPING S.A.,Excluida,Variante de ticker sin datos,
CFI-ADDUSA0.SN,,Excluida,"Fondo de inversión, fondo mutuo o ETF",
CFI-ADVAFA1.SN,,Excluida,"Fondo de inversión, fondo mutuo o ETF",
CFI-ADVATA1.SN,,Excluida,"Fondo de inversión, fondo mutuo o ETF",
CFI-AG3ANE1.SN,,Excluida,"Fondo de inversión, fondo mutuo o ETF",
CFI-ALT2CE0.SN,"AMERIS ALTERNATIVOS II FI, SERI",Excluida,"Fondo de inversión, fondo mutuo o ETF",
CFI-AMDVMA1.SN,,Excluida,"Fondo de inversión, fondo mutuo o ETF",
CFI-AMDVSC1.SN,"COMPASS DVA SILICON FUND FI, SE",Excluida,"Fondo de inversión, fondo mutuo o ETF",
CFI-BDPRAU0.SN,"BICE DEUDA PRIVADA FI, SERIE A",Excluida,"Fondo de inversión, fondo mutuo o ETF",
CFI-BPCRER.SN,BICE Inversiones Administradora General de Fondos S.A. - Bice Priv Cred Fund,Excluida,"Fondo de inversión, fondo mutuo o ETF",
CFI-BRRAE0.SN,BTG PACTUAL BRAZIL REAL RATE FI,Excluida,"Fondo de inversión, fondo mutuo o ETF",
CFI-BTGHLA0.SN,BTG PACTUAL HAMILTON LANE GPA F,Excluida,"Fondo de inversión, fondo mutuo o ETF",
CFI-BTGHPA0.SN,BTG P HAMILTON LANE PR. DEBT EV,Excluida,"Fondo de inversión, fondo mutuo o ETF",
CFI-CARSQE0.SN,"MONEDA CARS FI, SERIE Q",Excluida,"Fondo de inversión, fondo mutuo o ETF",
CFI-CGCORH0.SN,"COMPASS CORE US EQUITIES FI, SE",Excluida,"Fondo de inversión, fondo mutuo o ETF",
CFI-CGGLEB.SN,Compass Global Equity Fondo de Inversion,Excluida,"Fondo de inversión, fondo mutuo o ETF",
CFI-CGGLEB0.SN,"COMPASS GLOBAL EQUITY FI, B",Excluida,"Fondo de inversión, fondo mutuo o ETF",
CFI-ETFBRE.SN,,Excluida,"Fondo de inversión, fondo mutuo o ETF",
CFI-ETFEM.SN,Singular Asset Management Admgral De Fondos Sa - Fondo de Inversion ETF Singular Emerging Markets,Excluida,"Fondo de inversión, fondo mutuo o ETF",
CFI-ETFEUE.SN,,Excluida,"Fondo de inversión, fondo mutuo o ETF",
CFI-ETFEUE1.SN,,Excluida,"Fondo de inversión, fondo mutuo o ETF",
CFI-ETFGEM.SN,BTG PACTUAL ETF GLOBAL EMG MKTS,Excluida,"Fondo de inversión, fondo mutuo o ETF",
CFI-ETFGEM1.SN,,Excluida,"Fondo de inversión, fondo mutuo o ETF",
CFI-ETFGES.SN,FI ETF SINGULAR GLOBAL EQUITIES,Excluida,"Fondo de inversión, fondo mutuo o ETF",
CFI-ETFGES1.SN,FI ETF SINGULAR GLOBAL EQUITIES,Excluida,"Fondo de inversión, fondo mutuo o ETF",
CFI-ETFLAT.SN,BTG Pactual Chile SA Administradora General De Fondos - ETF Latam Equities FI,Excluida,"Fondo de inversión, fondo mutuo o ETF",
CFI-ETFLAT1.SN,BTG PACTUAL ETF LATAM EQUITIES ,Excluida,"Fondo de inversión, fondo mutuo o ETF",
CFI-ETFTW.SN,BTG Pactual ETF Total World Equities Fondo de Inversion,Excluida,"Fondo de inversión, fondo mutuo o ETF",
CFI-ETFTW1.SN,BTG PACT. ETF TOTAL WORLD EQTS ,Excluida,"Fondo de inversión, fondo mutuo o ETF",
CFI-ETFUSA.SN,BTG Pactual Chile S.A. Administradora General De Fondos - Cuota De Fondo De Inversion Fund,Excluida,"Fondo de inversión, fondo mutuo o ETF",
CFI-FALCTL0.SN,FI FALCOM TACTICAL LATAM EQUITI,Excluida,"Fondo de inversión, fondo mutuo o ETF",
CFI-FALCTL1.SN,FI FALCOM TACTICAL LATAM EQUITI,Excluida,"Fondo de inversión, fondo mutuo o ETF",
CFI-FALGLA0.SN,"FI FALCOM GLOBAL STRATEGY FUND,",Excluida,"Fondo de inversión, fondo mutuo o ETF",
CFI-FTRUPE0.SN,F TRUST-CORDADA RENDIMIENTO C/L,Excluida,"Fondo de inversión, fondo mutuo o ETF",
CFI-FYNDAE.SN,FYNSA ADM Gen De Fdos SA-Fdo Inv Fynsa Deuda Privada USA-Fund,Excluida,"Fondo de inversión, fondo mutuo o ETF",
CFI-FYNMAE.SN,,Excluida,"Fondo de inversión, fondo mutuo o ETF",
CFI-FYNUAE0.SN,FI FYNSA UPPER RESIDENCIAL US I,Excluida,"Fondo de inversión, fondo mutuo o ETF",
CFI-FYNVCE.SN,Fynsa Administradora General De Fondos Sa - FI FYNSA Venture Capital II Fund,Excluida,"Fondo de inversión, fondo mutuo o ETF",
CFI-FYPGAE.SN,,Excluida,"Fondo de inversión, fondo mutuo o ETF",
CFI-HMREDA0.SN,FI HMC RENDIMIENTO ESTRATEGICO ,Excluida,"Fondo de inversión, fondo mutuo o ETF",
CFI-LATEA0.SN,"FI LARRAINVIAL LATAM EQUITIES, ",Excluida,"Fondo de inversión, fondo mutuo o ETF",
CFI-LVDARE0.SN,FI ACTIVA DEUDA AUTOMOTRIZ PERU,Excluida,"Fondo de inversión, fondo mutuo o ETF",
CFI-LVSMCA0.SN,"FI LARRAINVIAL SMALL CAP LATAM,",Excluida,"Fondo de inversión, fondo mutuo o ETF",
CFI-LVSMCO0.SN,"FI LARRAINVIAL SMALL CAP LATAM,",Excluida,"Fondo de inversión, fondo mutuo o ETF",
CFI-MBICHI0.SN,"MBI/CHL DEUDA ESTRUCTURADA FI, ",Excluida,"Fondo de inversión, fondo mutuo o ETF",
CFI-MBIGFA0.SN,"MBI GLOBAL FIXED INCOME FI, SER",Excluida,"Fondo de inversión, fondo mutuo o ETF",
CFI-MBIGLA0.SN,"MBI GLOBAL FI, SERIE A",Excluida,"Fondo de inversión, fondo mutuo o ETF",
CFI-MBPDUI0.SN,MBI PRIVATE DEBT US EVERGREEN F,Excluida,"Fondo de inversión, fondo mutuo o ETF",
CFI-MBRFUS0.SN,"MBI RENTA FIJA PLUS DOLAR FI, S",Excluida,"Fondo de inversión, fondo mutuo o ETF",
CFI-MDLATR1.SN,MONEDA DEUDA LATINOAMERICANA FI,Excluida,"Fondo de inversión, fondo mutuo o ETF",
CFI-NASDAQ.SN,Singular Asset Management Admgral De Fondos Sa - Fondo de Inversion ETF Singular Nasdaq 100,Excluida,"Fondo de inversión, fondo mutuo o ETF",
CFI-OEP9CE1.SN,,Excluida,"Fondo de inversión, fondo mutuo o ETF",
CFI-PACE6E0.SN,,Excluida,"Fondo de inversión, fondo mutuo o ETF",
CFI-REDAEG.SN,Hmc Sa Administradora General De Fondos - Cuota Fondos De Inversion,Excluida,"Fondo de inversión, fondo mutuo o ETF",
CFI-RTEAE1.SN,MONEDA GSI RTAS. TRANS. ENRG. I,Excluida,"Fondo de inversión, fondo mutuo o ETF",
CFI-SPE2AE0.SN,,Excluida,"Fondo de inversión, fondo mutuo o ETF",
CFI-SPE2IE0.SN,"FI SINGULAR PRIVATE EQUITY II, ",Excluida,"Fondo de inversión, fondo mutuo o ETF",
CFI-SPETF.SN,"FI ETF SINGULAR S&P 500, SERIE ",Excluida,"Fondo de inversión, fondo mutuo o ETF",
CFI-SPETF1.SN,"FI ETF SINGULAR S&P 500, SERIE ",Excluida,"Fondo de inversión, fondo mutuo o ETF",
CFI-VSPEAE1.SN,,Excluida,"Fondo de inversión, fondo mutuo o ETF",
CFI-XHPLAE1.SN,,Excluida,"Fondo de inversión, fondo mutuo o ETF",
CFI4060ETF.SN,Singular Asset Management ADM GEN FD SA - FI Singular Core ETF,Excluida,"Fondo de inversión, fondo mutuo o ETF",
CFIADI6A.SN,Ameris Desarrollo Inmobiliario VI Fondo De Inversion Series A,Excluida,"Fondo de inversión, fondo mutuo o ETF",
CFIADI6FID0.SN,AMERIS DEUDA INMOBILIARIA VI FI,Excluida,"Fondo de inversión, fondo mutuo o ETF",
CFIADVAEFA.SN,Ameris Capital Adm Gen De FDOS SA - Diva E- Fund Fi,Excluida,"Fondo de inversión, fondo mutuo o ETF",
CFIAEA3-E.SN,Larraín Vial Activos SA Administradora General Fund,Excluida,"Fondo de inversión, fondo mutuo o ETF",
CFIAEA4R-E1.SN,,Excluida,"Fondo de inversión, fondo mutuo o ETF",
CFIAFE2R0.SN,,Excluida,"Fondo de inversión, fondo mutuo o ETF",
CFIAFE3F0.SN,FI ACTIVA FINANCIAMIENTO ESTRUC,Excluida,"Fondo de inversión, fondo mutuo o ETF",
CFIALBIONA0.SN,"FI ALBION PORTFOLIO ONE, SERIE ",Excluida,"Fondo de inversión, fondo mutuo o ETF",
CFIAMDDA-E.SN,Ameris Capital Administradora General de Fondos S.A.- Fundo de Inversion Ameris Deuda Directa Fund,Excluida,"Fondo de inversión, fondo mutuo o ETF",
CFIAMDDA-E0.SN,"AMERIS DEUDA DIRECTA F. I., SER",Excluida,"Fondo de inversión, fondo mutuo o ETF",
CFIAMDDA-E1.SN,"AMERIS DEUDA DIRECTA F. I., SER",Excluida,"Fondo de inversión, fondo mutuo o ETF",
CFIAMDDC-E.SN,Ameris Capital Administradora General de Fondos S.A.- Fundo de Inversion Ameris Deuda Directa Fund,Excluida,"Fondo de inversión, fondo mutuo o ETF",
CFIAMDDC-E0.SN,"AMERIS DEUDA DIRECTA F. I. , SE",Excluida,"Fondo de inversión, fondo mutuo o ETF",
CFIAMDVAMA.SN,Compass Group Chile S.A. Administradora General de Fondos - Fondo de Inversión Compass DVA Multiaxis,Excluida,"Fondo de inversión, fondo mutuo o ETF",
CFIAMDVASC.SN,Ameris Capital Administradora General De Fondos S.A. - Ameris Dva Silicon Fund Fondo De Inversion,Excluida,"Fondo de inversión, fondo mutuo o ETF",
CFIAMDVASC0.SN,"COMPASS DVA SILICON FUND FI, SE",Excluida,"Fondo de inversión, fondo mutuo o ETF",
CFIAMDVATA.SN,Ameris Capital Administradora General de Fondos S.A - Ameris DVA Medtech Fund,Excluida,"Fondo de inversión, fondo mutuo o ETF",
CFIAMSLPA.SN,Ameris Capital Administradora General De Fondos S.A. - Ameris Finance Corto Plazo Fondo De Inversion,Excluida,"Fondo de inversión, fondo mutuo o ETF",
CFIAMSLPA0.SN,AMERIS FINANCIAMIENTO CORTO PL.,Excluida,"Fondo de inversión, fondo mutuo o ETF",
CFIAMSLPA1.SN,AMERIS FINANCIAMIENTO CORTO PL.,Excluida,"Fondo de inversión, fondo mutuo o ETF",
CFIARR.SN,Asset Administradora General de Fondos S.A. - Fundo De Investimento Asset Rentas Residenciales,Excluida,"Fondo de inversión, fondo mutuo o ETF",
CFIARRAA-E.SN,Arrayan Acciones Chilenas FIP,Excluida,"Fondo de inversión, fondo mutuo o ETF",
CFIARRAA-E0.SN,ARRAYAN ACCIONES CHILENAS F.I .,Excluida,"Fondo de inversión, fondo mutuo o ETF",
CFIASXIB-E.SN,Ameris Capital Adm Gen De Fdos Sa - Ameris Dover Street Fund,Excluida,"Fondo de inversión, fondo mutuo o ETF",
CFIASXIB-E1.SN,"AMERIS DOVER STREET XI FI, SERI",Excluida,"Fondo de inversión, fondo mutuo o ETF",
CFIB1ALT0.SN,BICE ALTERNATIVOS FI,Excluida,"Fondo de inversión, fondo mutuo o ETF",
CFIBCDGHYA.SN,Banchile Administradora General de Fondos SA - Fondo de Inversion Deuda Global High Yield Fund,Excluida,"Fondo de inversión, fondo mutuo o ETF",
CFIBCHDCPA.SN,Fondo De Inversion Banchile Deuda Dolar Corto Plazo,Excluida,"Fondo de inversión, fondo mutuo o ETF",
CFIBCHDCPA1.SN,FI BANCHILE DEUDA NACIONAL CORT,Excluida,"Fondo de inversión, fondo mutuo o ETF",
CFIBCHDECH.SN,Banchile Administradora General - Fondo de Inversión Deuda Chilena Fund,Excluida,"Fondo de inversión, fondo mutuo o ETF",
CFIBCHDECH1.SN,FONDO DE INVERSION DEUDA CHILEN,Excluida,"Fondo de inversión, fondo mutuo o ETF",
CFIBCHDEGB.SN,Banchile Administradora General - Fondo de Inversion Deuda Global Fund,Excluida,"Fondo de inversión, fondo mutuo o ETF",
CFIBCHDLPA.SN,Banchile Administradora General - Fondo De Inversion Banchile Deuda Largo Plazo Fund,Excluida,"Fondo de inversión, fondo mutuo o ETF",
CFIBCHDLPA1.SN,"FI BANCHILE DEUDA LARGO PLAZO, ",Excluida,"Fondo de inversión, fondo mutuo o ETF",
CFIBCHMPGB.SN,Banchile Administradora General - Fondo de Inversion MarketPlus Fund,Excluida,"Fondo de inversión, fondo mutuo o ETF",
CFIBCHMPGB1.SN,F. DE I. MARKETPLUS GLOBAL,Excluida,"Fondo de inversión, fondo mutuo o ETF",
CFIBCHMPUS.SN,Banchile Administradora General - Fondo de Inversion MarketPlus Fund,Excluida,"Fondo de inversión, fondo mutuo o ETF",
CFIBCHMPUS1.SN,F. DE I. MARKETPLUS ESTADOS UNI,Excluida,"Fondo de inversión, fondo mutuo o ETF",
CFIBCIRFCL0.SN,"FI BCI RENTA FIJA CORPORATIVA, ",Excluida,"Fondo de inversión, fondo mutuo o ETF",
CFIBMPEM-E.SN,Banchile Administradora General - Fondo de Inversion MarketPlus Fund,Excluida,"Fondo de inversión, fondo mutuo o ETF",
CFIBMPEM-E1.SN,"F I MARKETPLUS EMERGENTE, SERIE",Excluida,"Fondo de inversión, fondo mutuo o ETF",
CFIBMPEU-E.SN,Banchile Administradora General - Fondo de Inversion MarketPlus Fund,Excluida,"Fondo de inversión, fondo mutuo o ETF",
CFIBPBII-E0.SN,"BTG PACTUAL BRASIL INDEX FI, I",Excluida,"Fondo de inversión, fondo mutuo o ETF",
CFIBPDCCHA.SN,BTG Pactual Deuda Corporativa Chile Fondo de Inversion,Excluida,"Fondo de inversión, fondo mutuo o ETF",
CFIBPDCCHA0.SN,BTG PACTUAL DEUDA CORPORAT. CHI,Excluida,"Fondo de inversión, fondo mutuo o ETF",
CFIBPDCCHF0.SN,BTG PACTUAL DEUDA CORPORAT. CHI,Excluida,"Fondo de inversión, fondo mutuo o ETF",
CFIBPDCCHI0.SN,BTG PACTUAL DEUDA CORPORAT. CHI,Excluida,"Fondo de inversión, fondo mutuo o ETF",
CFIBTETFMP.SN,BTG Pactual Chile S.A. Administradora General De Fondos - Cuota De Fondo De Inversion Fund,Excluida,"Fondo de inversión, fondo mutuo o ETF",
CFIBTETFMP0.SN,BTG PACT. RF CHILE MEDIANO PLAZ,Excluida,"Fondo de inversión, fondo mutuo o ETF",
CFIBTETFTW.SN,BTG Pactual Chile S.A. Administradora General De Fondos - Cuota De Fondo De Inversion Fund,Excluida,"Fondo de inversión, fondo mutuo o ETF",
CFIBTGCRPA0.SN,"BTG PACTUAL CREDITO PRIVADO FI,",Excluida,"Fondo de inversión, fondo mutuo o ETF",
CFIBTGCRPB0.SN,"BTG PACTUAL CREDITO PRIVADO FI,",Excluida,"Fondo de inversión, fondo mutuo o ETF",
CFIBTGCRPI0.SN,"BTG PACTUAL CREDITO PRIVADO FI,",Excluida,"Fondo de inversión, fondo mutuo o ETF",
CFIBTGDAPA.SN,BTG Pactual Chile S.A. Administradora General De Fondos - BTG Pactual Deuda Activa Plus Fund,Excluida,"Fondo de inversión, fondo mutuo o ETF",
CFIBTGDAPA0.SN,BTG DEUDA ACTIVA PLUS FI - SERI,Excluida,"Fondo de inversión, fondo mutuo o ETF",
CFIBTGDAPF0.SN,BTG PACTUAL DEUDA ACTIVA PLUS F,Excluida,"Fondo de inversión, fondo mutuo o ETF",
CFIBTGDEA0.SN,BTG PACTUAL DEUDA ESTRATEGICA F,Excluida,"Fondo de inversión, fondo mutuo o ETF",
CFIBTGDEA1.SN,BTG PACTUAL DEUDA ESTRATEGICA F,Excluida,"Fondo de inversión, fondo mutuo o ETF",
CFIBTGDEB0.SN,BTG PACTUAL DEUDA ESTRATEGICA F,Excluida,"Fondo de inversión, fondo mutuo o ETF",
CFIBTGDEI0.SN,BTG PACTUAL DEUDA ESTRATEGICA F,Excluida,"Fondo de inversión, fondo mutuo o ETF",
CFIBTGDEI1.SN,BTG PACTUAL DEUDA ESTRATEGICA F,Excluida,"Fondo de inversión, fondo mutuo o ETF",
CFIBTGDL0.SN,BTG PACTUAL DEUDA LATINOAMERICA,Excluida,"Fondo de inversión, fondo mutuo o ETF",
CFIBTGEU0.SN,BTG PACTUAL GLOBAL LEADERS F. I,Excluida,"Fondo de inversión, fondo mutuo o ETF",
CFIBTGIPSA.SN,BTG Pactual Chile SA Administradora General De Fondos - ETF Acciones Chilenas IPSA FI,Excluida,"Fondo de inversión, fondo mutuo o ETF",
CFIBTGPLAA.SN,BTG Pactual Chile S.A. Administradora General De Fondos - Liquidez Alternativa Fund,Excluida,"Fondo de inversión, fondo mutuo o ETF",
CFIBTGPLAA0.SN,BTG PACTUAL LIQUIDEZ ALTERNATIV,Excluida,"Fondo de inversión, fondo mutuo o ETF",
CFIBTGPLAA1.SN,BTG PACTUAL LIQUIDEZ ALTERNATIV,Excluida,"Fondo de inversión, fondo mutuo o ETF",
CFIBTGPLAT0.SN,BTG PACTUAL LIQUIDEZ ALTERNATIV,Excluida,"Fondo de inversión, fondo mutuo o ETF",
CFIBTGRCA.SN,BTG Pactual Renta Comercial F. I,Excluida,"Fondo de inversión, fondo mutuo o ETF",
CFIBTGRE.SN,Btg Pactual Chile Sa Administradora General De Fon - Cuota Fondos De Inversion,Excluida,"Fondo de inversión, fondo mutuo o ETF",
CFIBTGRE0.SN,BTG PACTUAL RETORNO ESTRATEGICO,Excluida,"Fondo de inversión, fondo mutuo o ETF",
CFIBTGRRA.SN,BTG Pactual Chile S.A. Administradora General De Fondos - BTG Pactual Renta Residencial Fund,Excluida,"Fondo de inversión, fondo mutuo o ETF",
CFIBTHBI-E0.SN,,Excluida,"Fondo de inversión, fondo mutuo o ETF",
CFIBVCAP0.SN,"BICE VENTURE CAPITAL FI, SERIE ",Excluida,"Fondo de inversión, fondo mutuo o ETF",
CFICCARI-E0.SN,,Excluida,"Fondo de inversión, fondo mutuo o ETF",
CFICCDCIGI0.SN,FI CRED CAP DEUDA CORP INVEST G,Excluida,"Fondo de inversión, fondo mutuo o ETF",
CFICGGCPB0.SN,COMPASS GLOBAL CREDIT CLP FI,Excluida,"Fondo de inversión, fondo mutuo o ETF",
CFICGSCH-B0.SN,VINCI COMPASS SMALL CAP CHILE F,Excluida,"Fondo de inversión, fondo mutuo o ETF",
CFICGSCH-B1.SN,VINCI COMPASS SMALL CAP CHILE F,Excluida,"Fondo de inversión, fondo mutuo o ETF",
CFICHEQI-E0.SN,FI SINGULAR FARELLONES CHILEAN ,Excluida,"Fondo de inversión, fondo mutuo o ETF",
CFICOMDPA0.SN,"VINCI COMPASS DEUDA PLUS FI, SE",Excluida,"Fondo de inversión, fondo mutuo o ETF",
CFICOMDPB0.SN,"VINCI COMPASS DEUDA PLUS FI, SE",Excluida,"Fondo de inversión, fondo mutuo o ETF",
CFICONDOR1.SN,FI CREDICORP CAPITAL CONDOR EQU,Excluida,"Fondo de inversión, fondo mutuo o ETF",
CFID1HS.SN,Larrain Vial Act. Sa AGF - Fondo De Inversion Activa Deuda Hipotecaria Con Subsidio Habitacional I,Excluida,"Fondo de inversión, fondo mutuo o ETF",
CFIDAG3R-E1.SN,FI ACTIVA DEUDA AUTOMOTRIZ GLOB,Excluida,"Fondo de inversión, fondo mutuo o ETF",
CFIDAG4R-E0.SN,FI ACTIVA DEUDA AUTOMOTRIZ GLOB,Excluida,"Fondo de inversión, fondo mutuo o ETF",
CFIDHS2-A.SN,Larrain Vial Activos S A Administradora General De Fondos - Cuota De Fondo De Inversion,Excluida,"Fondo de inversión, fondo mutuo o ETF",
CFIDHS2-A0.SN,F I DEUDA HIPOT. CON SUBSIDIO H,Excluida,"Fondo de inversión, fondo mutuo o ETF",
CFIEARFCHA1.SN,"FI ZURICH RF CHILE INDEX FUND, ",Excluida,"Fondo de inversión, fondo mutuo o ETF",
CFIETFBRE.SN,Singular Asset Management ADM GEN FD SA - FI Singular Brazil Equity Etf,Excluida,"Fondo de inversión, fondo mutuo o ETF",
CFIETFBRE0.SN,FI ETF SINGULAR BRAZIL EQUITIES,Excluida,"Fondo de inversión, fondo mutuo o ETF",
CFIETFBRL.SN,Singular Asset Management Admgral De Fondos Sa - Cuota Fondos De Inversion,Excluida,"Fondo de inversión, fondo mutuo o ETF",
CFIETFBRL0.SN,FI ETF SINGULAR FIXED INCOME BR,Excluida,"Fondo de inversión, fondo mutuo o ETF",
CFIETFBTC.SN,Singular Asset Management Admgral De Fondos Sa - Fondo de Inversion ETF Singular Bitcoin,Excluida,"Fondo de inversión, fondo mutuo o ETF",
CFIETFCC.SN,Fondo De Inversion ETF Singular Chile Corporativo,Excluida,"Fondo de inversión, fondo mutuo o ETF",
CFIETFCC0.SN,FI ETF SINGULAR CHILE CORPORATI,Excluida,"Fondo de inversión, fondo mutuo o ETF",
CFIETFCC1.SN,FI ETF SINGULAR CHILE CORPORATI,Excluida,"Fondo de inversión, fondo mutuo o ETF",
CFIETFCD.SN,Fondo de Inversion ETF Singular Chile Corta Duracion,Excluida,"Fondo de inversión, fondo mutuo o ETF",
CFIETFCD0.SN,FI ETF SINGULAR CHILE CORTA DUR,Excluida,"Fondo de inversión, fondo mutuo o ETF",
CFIETFCD1.SN,FI ETF SINGULAR CHILE CORTA DUR,Excluida,"Fondo de inversión, fondo mutuo o ETF",
CFIETFEM.SN,Singular Asset Management Admgral De Fondos Sa - Fondo de Inversion ETF Singular Emerging Markets,Excluida,"Fondo de inversión, fondo mutuo o ETF",
CFIETFEUR.SN,Singular Asset Management Admgral De Fondos Sa - Fondo de Inversion Europe ETF,Excluida,"Fondo de inversión, fondo mutuo o ETF",
CFIETFGE.SN,Fondo de Inversión ETF Singular Global Equities Unica,Excluida,"Fondo de inversión, fondo mutuo o ETF",
CFIETFGE1.SN,FI ETF SINGULAR GLOBAL EQUITIES,Excluida,"Fondo de inversión, fondo mutuo o ETF",
CFIETFGEM.SN,BTG Pactual ETF Global Emerging Markets Equities Fondo de Inversion Fund,Excluida,"Fondo de inversión, fondo mutuo o ETF",
CFIETFHY.SN,Singular Asset Management Admgral De Fondos Sa - Fondo de Inversion High Yield ETF,Excluida,"Fondo de inversión, fondo mutuo o ETF",
CFIETFIPSA.SN,Singular Asset Management Admgral De Fondos Sa - Fondo de Inversion ETF Singular IPSA,Excluida,"Fondo de inversión, fondo mutuo o ETF",
CFIETFIPSA0.SN,FI ETF SINGULAR IPSA,Excluida,"Fondo de inversión, fondo mutuo o ETF",
CFIETFLAT.SN,BTG Pactual Chile SA Administradora General De Fondos - ETF Latam Equities FI,Excluida,"Fondo de inversión, fondo mutuo o ETF",
CFIETFLP.SN,ETF Singular Chile Largo Plazo UNICA,Excluida,"Fondo de inversión, fondo mutuo o ETF",
CFIETFLP0.SN,FI ETF SINGULAR CHILE LARGO PLA,Excluida,"Fondo de inversión, fondo mutuo o ETF",
CFIETFRFLP.SN,BTG Pactual Chile S.A. Administradora General De Fondos - Cuota De Fondo De Inversion Fund,Excluida,"Fondo de inversión, fondo mutuo o ETF",
CFIETFUSA.SN,Btg Pactual Chile Sa Administradora General De Fon - Cuota Fondos De Inversion,Excluida,"Fondo de inversión, fondo mutuo o ETF",
CFIETFUSA1.SN,"BTG PACTUAL ETF S&P 500 FI, SER",Excluida,"Fondo de inversión, fondo mutuo o ETF",
CFIFALCDCG0.SN,FI FALCOM DEUDA CORPORATIVA CHI,Excluida,"Fondo de inversión, fondo mutuo o ETF",
CFIFALCDCW.SN,Falcon ADM General De Fondos SA - Fondo De Inversion Falcom Deuda Corporativa Chile Fund,Excluida,"Fondo de inversión, fondo mutuo o ETF",
CFIFALCDCW0.SN,FI FALCOM DEUDA CORPORATIVA CHI,Excluida,"Fondo de inversión, fondo mutuo o ETF",
CFIFALCFIA.SN,Falcon ADM General De Fondos SA - Fondo De Inversion Falcom Fixed Income Fund,Excluida,"Fondo de inversión, fondo mutuo o ETF",
CFIFALCFIA0.SN,F. I. FALCOM CHILEAN FIXED INCO,Excluida,"Fondo de inversión, fondo mutuo o ETF",
CFIFALCFIG0.SN,F. I. FALCOM CHILEAN FIXED INCO,Excluida,"Fondo de inversión, fondo mutuo o ETF",
CFIFALCFIG1.SN,F. I. FALCOM CHILEAN FIXED INCO,Excluida,"Fondo de inversión, fondo mutuo o ETF",
CFIFALCFIW.SN,Falcon ADM General De Fondos SA - Fondo De Inversion Falcom Chilean Fixed Income Fund,Excluida,"Fondo de inversión, fondo mutuo o ETF",
CFIFALCFIW0.SN,F. I. FALCOM CHILEAN FIXED INCO,Excluida,"Fondo de inversión, fondo mutuo o ETF",
CFIFALCFIW1.SN,F. I. FALCOM CHILEAN FIXED INCO,Excluida,"Fondo de inversión, fondo mutuo o ETF",
CFIFALCGLA.SN,Falcon ADM General De Fondos SA - Fondo De Inversion Falcom Global Strategy Fund,Excluida,"Fondo de inversión, fondo mutuo o ETF",
CFIFALCGLA0.SN,"FI FALCOM GLOBAL STRATEGY FUND,",Excluida,"Fondo de inversión, fondo mutuo o ETF",
CFIFALCSDG.SN,Falcom Administradora General De Fondos S.A. - Fondo De Inversion Falcom Short Duration Chile Fund,Excluida,"Fondo de inversión, fondo mutuo o ETF",
CFIFALCSDW.SN,Falcom Administradora General De Fondos S.A. - Fondo De Inversion Falcom Short Duration Chile Fund,Excluida,"Fondo de inversión, fondo mutuo o ETF",
CFIFALCSDW0.SN,"FI FALCOM SHORT DURATION CHILE,",Excluida,"Fondo de inversión, fondo mutuo o ETF",
CFIFALCTAC.SN,Fondo De Inversion Falcom Tactical Chilean Equities,Excluida,"Fondo de inversión, fondo mutuo o ETF",
CFIFALCTAC0.SN,F. I. FALCOM TACTICAL CHILEAN E,Excluida,"Fondo de inversión, fondo mutuo o ETF",
CFIFALCTLP0.SN,FI FALCOM TACTICAL LATAM EQUITI,Excluida,"Fondo de inversión, fondo mutuo o ETF",
CFIFCREA-E0.SN,"FI FALCOM CREDITO, SERIE A",Excluida,"Fondo de inversión, fondo mutuo o ETF",
CFIFCREB-E0.SN,"FI FALCOM CREDITO, SERIE B",Excluida,"Fondo de inversión, fondo mutuo o ETF",
CFIFTCLP-E0.SN,FT-CORDADA REND C/LIQ. MED. PL.,Excluida,"Fondo de inversión, fondo mutuo o ETF",
CFIFYNDEPA0.SN,"FI FYNSA DEUDA PRIVADA, SERIE A",Excluida,"Fondo de inversión, fondo mutuo o ETF",
CFIFYNDETA0.SN,"FI FYNSA DEUDA TACTICA, SERIE A",Excluida,"Fondo de inversión, fondo mutuo o ETF",
CFIFYNGIIB1.SN,"FI FYNSA GALGO II, SERIE B",Excluida,"Fondo de inversión, fondo mutuo o ETF",
CFIFYNGIIC1.SN,"FI FYNSA GALGO II, SERIE C",Excluida,"Fondo de inversión, fondo mutuo o ETF",
CFIFYNSADA0.SN,"F. DE I. FYNSA DEUDA CHILE, SER",Excluida,"Fondo de inversión, fondo mutuo o ETF",
CFIFYNSADB0.SN,"F. DE I. FYNSA DEUDA CHILE, SER",Excluida,"Fondo de inversión, fondo mutuo o ETF",
CFIGC.SN,Singular Asset Management Adm Gen Fondos SA - Fondo de Inversion Singular Global Corporates Fund,Excluida,"Fondo de inversión, fondo mutuo o ETF",
CFIHMCBGLA1.SN,"FI HMC PORTAFOLIO OPTIMO, SERIE",Excluida,"Fondo de inversión, fondo mutuo o ETF",
CFIHMCREPA0.SN,FI HMC RENDIMIENTO ESTRATEGICO ,Excluida,"Fondo de inversión, fondo mutuo o ETF",
CFIHMCREPA1.SN,FI HMC RENDIMIENTO ESTRATEGICO ,Excluida,"Fondo de inversión, fondo mutuo o ETF",
CFIHMCRGPB0.SN,,Excluida,"Fondo de inversión, fondo mutuo o ETF",
CFIHMCUSBP0.SN,FI HMC US VENTURE OPPORTUNITIES,Excluida,"Fondo de inversión, fondo mutuo o ETF",
CFIHYUF-A0.SN,FI LARRAINVIAL DEUDA LATAM UF S,Excluida,"Fondo de inversión, fondo mutuo o ETF",
CFIHYUF-I0.SN,FI LARRAINVIAL DEUDA LATAM UF S,Excluida,"Fondo de inversión, fondo mutuo o ETF",
CFIIMDLAT.SN,Moneda Deuda Latinoamericana fondo de inversion,Excluida,"Fondo de inversión, fondo mutuo o ETF",
CFIIMSCLB0.SN,F I CREDICORP CAP. SPREAD CORP.,Excluida,"Fondo de inversión, fondo mutuo o ETF",
CFIIMSCLI0.SN,F I CREDICORP CAP. SPREAD CORP.,Excluida,"Fondo de inversión, fondo mutuo o ETF",
CFIIMSCLI1.SN,F I CREDICORP CAP. SPREAD CORP.,Excluida,"Fondo de inversión, fondo mutuo o ETF",
CFILTLIQ-A0.SN,"FI LATIN TRUST LIQUIDEZ, SERIE ",Excluida,"Fondo de inversión, fondo mutuo o ETF",
CFILVCOR-A.SN,Larrain Vial Deuda Corporativa Chile Fondo de Inversion,Excluida,"Fondo de inversión, fondo mutuo o ETF",
CFILVCOR-A0.SN,"FI LARRAINVIAL DEUDA CHILE, SER",Excluida,"Fondo de inversión, fondo mutuo o ETF",
CFILVCOR-I0.SN,"FI LARRAINVIAL DEUDA CHILE, SER",Excluida,"Fondo de inversión, fondo mutuo o ETF",
CFILVCOR-O.SN,Fondo De Inversion Larrainvial Deuda Corporativa Fund,Excluida,"Fondo de inversión, fondo mutuo o ETF",
CFILVCOR-O0.SN,"FI LARRAINVIAL DEUDA CHILE, SER",Excluida,"Fondo de inversión, fondo mutuo o ETF",
CFILVDPU-E.SN,Larrainvial Asset Management Administradora General - Fondo De Inversion Larrainvial Deuda Privada F,Excluida,"Fondo de inversión, fondo mutuo o ETF",
CFILVDPU-E1.SN,FI LARRAINVIAL DEUDA PRIVADA,Excluida,"Fondo de inversión, fondo mutuo o ETF",
CFILVFA-L.SN,Fondo De Inversion Larrainvial Facturas,Excluida,"Fondo de inversión, fondo mutuo o ETF",
CFILVFA-L0.SN,FI LARRAINVIAL FACTS Y FINANC D,Excluida,"Fondo de inversión, fondo mutuo o ETF",
CFILVFA-L1.SN,FI LARRAINVIAL FACTS Y FINANC D,Excluida,"Fondo de inversión, fondo mutuo o ETF",
CFILVPA1RI.SN,Aurus Capital Renta Inmobiliaria Fondo de Inversión,Excluida,"Fondo de inversión, fondo mutuo o ETF",
CFILVRLA0.SN,"FI LARRAINVIAL RETORNO LOCAL, S",Excluida,"Fondo de inversión, fondo mutuo o ETF",
CFILVSCC-I0.SN,FI LARRAIN VIAL SMALL CAP CHILE,Excluida,"Fondo de inversión, fondo mutuo o ETF",
CFILVSCC-U0.SN,FI LARRAIN VIAL SMALL CAP CHILE,Excluida,"Fondo de inversión, fondo mutuo o ETF",
CFIMBD2A-E0.SN,"MBI DEUDA PRIVADA II FI, SERIE ",Excluida,"Fondo de inversión, fondo mutuo o ETF",
CFIMBD3A-E1.SN,"MBI DEUDA PRIVADA III FI, SERIE",Excluida,"Fondo de inversión, fondo mutuo o ETF",
CFIMBDPA-E0.SN,"MBI DEUDA PRIVADA F. I., SERIE ",Excluida,"Fondo de inversión, fondo mutuo o ETF",
CFIMBICL-C0.SN,"MBI CONVICCION CHILE FI, SERIE ",Excluida,"Fondo de inversión, fondo mutuo o ETF",
CFIMBIDA-A0.SN,"MBI DEUDA ALTERNATIVA F. I., SE",Excluida,"Fondo de inversión, fondo mutuo o ETF",
CFIMBIDA-D0.SN,"MBI DEUDA ALTERNATIVA FI, SERIE",Excluida,"Fondo de inversión, fondo mutuo o ETF",
CFIMBIDT-A0.SN,"MBI DEUDA TOTAL F. I., SERIE A",Excluida,"Fondo de inversión, fondo mutuo o ETF",
CFIMBIDT-B.SN,MBI Administradora General De Fondo - MBI Deuda Total Fondo De Inversion,Excluida,"Fondo de inversión, fondo mutuo o ETF",
CFIMBIDT-B0.SN,"MBI DEUDA TOTAL F. I., SERIE B",Excluida,"Fondo de inversión, fondo mutuo o ETF",
CFIMBIDT-B1.SN,"MBI DEUDA TOTAL F. I., SERIE B",Excluida,"Fondo de inversión, fondo mutuo o ETF",
CFIMBIDT-I0.SN,"MBI DEUDA TOTAL F. I., SERIE I",Excluida,"Fondo de inversión, fondo mutuo o ETF",
CFIMBIGF-A0.SN,"MBI GLOBAL FIXED INCOME FI, SER",Excluida,"Fondo de inversión, fondo mutuo o ETF",
CFIMBIGL-A0.SN,MBI GLOBAL FONDO DE INVERSION,Excluida,"Fondo de inversión, fondo mutuo o ETF",
CFIMBIRF-A.SN,MBI Deuda Plus Fondo De Inversion,Excluida,"Fondo de inversión, fondo mutuo o ETF",
CFIMBIRF-A0.SN,"MBI DEUDA PLUS F. DE INV., SERI",Excluida,"Fondo de inversión, fondo mutuo o ETF",
CFIMBIRF-D0.SN,"MBI DEUDA PLUS F.I., SERIE D",Excluida,"Fondo de inversión, fondo mutuo o ETF",
CFIMCITI.SN,Chile Fondo de Inversion Small Cap,Excluida,"Fondo de inversión, fondo mutuo o ETF",
CFIMCUMR.SN,Moneda Cumplo Pronto Pago Pymes Fondo de Inversion,Excluida,"Fondo de inversión, fondo mutuo o ETF",
CFIMDCHA.SN,Moneda Deuda Chile Fondo de Inversión,Excluida,"Fondo de inversión, fondo mutuo o ETF",
CFIMDCHA0.SN,MONEDA DEUDA CHILE FONDO DE INV,Excluida,"Fondo de inversión, fondo mutuo o ETF",
CFIMDCHD0.SN,MONEDA DEUDA CHILE FONDO DE INV,Excluida,"Fondo de inversión, fondo mutuo o ETF",
CFIMDCHE0.SN,"MONEDA DEUDA CHILE F. I., SERIE",Excluida,"Fondo de inversión, fondo mutuo o ETF",
CFIMDCHI.SN,Moneda Deuda Chile Fondo de Inversión,Excluida,"Fondo de inversión, fondo mutuo o ETF",
CFIMDLATAE0.SN,,Excluida,"Fondo de inversión, fondo mutuo o ETF",
CFIMDLATAE1.SN,,Excluida,"Fondo de inversión, fondo mutuo o ETF",
CFIMDLIG-I0.SN,MONEDA LATAM CORPORAT CRED FEED,Excluida,"Fondo de inversión, fondo mutuo o ETF",
CFIMLDL.SN,Moneda Latinoamérica Deuda Local,Excluida,"Fondo de inversión, fondo mutuo o ETF",
CFIMLDL0.SN,MONEDA LATINOAMERICA DEUDA LOCA,Excluida,"Fondo de inversión, fondo mutuo o ETF",
CFIMRCLP.SN,Moneda Renta CLP Fondo de Inversion,Excluida,"Fondo de inversión, fondo mutuo o ETF",
CFIMRCLP0.SN,"MONEDA RENTA CLP FI, SERIE A",Excluida,"Fondo de inversión, fondo mutuo o ETF",
CFIMRCLP1.SN,"MONEDA RENTA CLP FI, SERIE A",Excluida,"Fondo de inversión, fondo mutuo o ETF",
CFIMRCLPR.SN,Moneda Renta CLP Fondo de Inversion,Excluida,"Fondo de inversión, fondo mutuo o ETF",
CFIMRCLPR0.SN,"MONEDA RENTA CLP FI, SERIE R",Excluida,"Fondo de inversión, fondo mutuo o ETF",
CFIMRCLPR1.SN,"MONEDA RENTA CLP FI, SERIE R",Excluida,"Fondo de inversión, fondo mutuo o ETF",
CFIMRVEA.SN,Moneda Renta Variable Emergente Fondo De Inversion,Excluida,"Fondo de inversión, fondo mutuo o ETF",
CFIMRVEA0.SN,MONEDA RENTA VARIABLE EMERGENTE,Excluida,"Fondo de inversión, fondo mutuo o ETF",
CFIMRVIA.SN,Moneda Renta Variable Internacional Fondo de Inversión,Excluida,"Fondo de inversión, fondo mutuo o ETF",
CFIMRVIA0.SN,"MONEDA RV INTERNACIONAL F. I., ",Excluida,"Fondo de inversión, fondo mutuo o ETF",
CFIMSC0.SN,"MONEDA ALL CAPS LATAM FI, A",Excluida,"Fondo de inversión, fondo mutuo o ETF",
CFIMSC1.SN,,Excluida,"Fondo de inversión, fondo mutuo o ETF",
CFINASDAQ.SN,Singular Asset Management Adm Gen Fondos SA - Fondo de Inversion ETF Singular Nasdaq 100 Fund,Excluida,"Fondo de inversión, fondo mutuo o ETF",
CFINASDAQ0.SN,FI ETF SINGULAR NASDAQ 100,Excluida,"Fondo de inversión, fondo mutuo o ETF",
CFINASDAQ1.SN,FI ETF SINGULAR NASDAQ 100,Excluida,"Fondo de inversión, fondo mutuo o ETF",
CFINHRFLA0.SN,"FI NEVASA AHORRO, SERIE A",Excluida,"Fondo de inversión, fondo mutuo o ETF",
CFINHRFLB0.SN,"FI NEVASA AHORRO, SERIE B",Excluida,"Fondo de inversión, fondo mutuo o ETF",
CFINRENTAS.SN,Fondo de Inversion Independencia Rentas Inmobiliarias,Excluida,"Fondo de inversión, fondo mutuo o ETF",
CFINVRFLI0.SN,"FI NEVASA AHORRO, SERIE I",Excluida,"Fondo de inversión, fondo mutuo o ETF",
CFIPATGBA0.SN,"FI HMC GUARDIAN BALANCEADO, A",Excluida,"Fondo de inversión, fondo mutuo o ETF",
CFIPIONERO.SN,Pionero Fondo De Inversion,Excluida,"Fondo de inversión, fondo mutuo o ETF",
CFIPIONERO0.SN,PIONERO FONDO DE INVERSION,Excluida,"Fondo de inversión, fondo mutuo o ETF",
CFIPIONR.SN,Pionero Fondo De Inversion,Excluida,"Fondo de inversión, fondo mutuo o ETF",
CFIPIONR0.SN,"PIONERO FI, SERIE R",Excluida,"Fondo de inversión, fondo mutuo o ETF",
CFIPIONR1.SN,"PIONERO FI, SERIE R",Excluida,"Fondo de inversión, fondo mutuo o ETF",
CFIPK13C-E0.SN,"PICTON - KKR NA XIII FI, SERIE ",Excluida,"Fondo de inversión, fondo mutuo o ETF",
CFIQAC0.SN,MBIQ ACCIONES CHILE FONDO DE IN,Excluida,"Fondo de inversión, fondo mutuo o ETF",
CFIQAC1.SN,MBIQ ACCIONES CHILE FONDO DE IN,Excluida,"Fondo de inversión, fondo mutuo o ETF",
CFIQDIA0.SN,"MBIQ INVERSION DE IMPACTO FI, S",Excluida,"Fondo de inversión, fondo mutuo o ETF",
CFIQEAA0.SN,"MBIQ ESTRATEGIA ACTIVA FI, SERI",Excluida,"Fondo de inversión, fondo mutuo o ETF",
CFIQRGA-E0.SN,"QUEST RENTA GLOBAL F. DE I., SE",Excluida,"Fondo de inversión, fondo mutuo o ETF",
CFIQRGH.SN,Chg Renta Global Fondo De Inversion,Excluida,"Fondo de inversión, fondo mutuo o ETF",
CFIQRGH0.SN,QUEST RENTA GLOBAL HEDGE F. I.,Excluida,"Fondo de inversión, fondo mutuo o ETF",
CFIR4CHACU.SN,Finasset Administradora General De Fondos Sa - Cuota Fondos De Inversion Fund,Excluida,"Fondo de inversión, fondo mutuo o ETF",
CFIR4CHACU0.SN,"FI RENTA 4 CHILE ACCIONES, SERI",Excluida,"Fondo de inversión, fondo mutuo o ETF",
CFIRENT-A0.SN,"AVANTE RENTA V FI, SERIE A",Excluida,"Fondo de inversión, fondo mutuo o ETF",
CFISANHICA.SN,Fondo de Inversion Santander Small Cap,Excluida,"Fondo de inversión, fondo mutuo o ETF",
CFISANHICA1.SN,"FI SANTANDER HIGH CONV. CH. EQ,",Excluida,"Fondo de inversión, fondo mutuo o ETF",
CFISANRR-A1.SN,F.I. SANTANDER RENTAS RESIDENCI,Excluida,"Fondo de inversión, fondo mutuo o ETF",
CFISCCHO0.SN,"BTG PACTUAL SMALL CAP CHILE FI,",Excluida,"Fondo de inversión, fondo mutuo o ETF",
CFISDA4A-E1.SN,,Excluida,"Fondo de inversión, fondo mutuo o ETF",
CFISECRFNR.SN,Fondo De Inversion Security Renta Fija Nacional,Excluida,"Fondo de inversión, fondo mutuo o ETF",
CFISECRFNR0.SN,"FI RENTA DINAMICA, SERIE CUATRO",Excluida,"Fondo de inversión, fondo mutuo o ETF",
CFISPETF.SN,Fondo de Inversion ETF Singular S&P 500 Fund,Excluida,"Fondo de inversión, fondo mutuo o ETF",
CFISPETF0.SN,FI ETF SINGULAR SP 500,Excluida,"Fondo de inversión, fondo mutuo o ETF",
CFISPETF1.SN,FI ETF SINGULAR SP 500,Excluida,"Fondo de inversión, fondo mutuo o ETF",
CFISUDPCAA.SN,Administradora General De FDOS Sura- Fondo De Inv Sura Deuda Privada Chile Fund,Excluida,"Fondo de inversión, fondo mutuo o ETF",
CFISURDPPA.SN,Cuota De Fondo De Inversion,Excluida,"Fondo de inversión, fondo mutuo o ETF",
CFISURDPPA0.SN,"FI SURA DEUDA PRIVADA PLUS, SER",Excluida,"Fondo de inversión, fondo mutuo o ETF",
CFITDPF1-E1.SN,,Excluida,"Fondo de inversión, fondo mutuo o ETF",
CFITDPFI-E0.SN,TOESCA DEUDA PRIVADA FACTURAS F,Excluida,"Fondo de inversión, fondo mutuo o ETF",
CFITDPX1-E0.SN,"TOESCA DEUDA PRIVADA FI, SERIE ",Excluida,"Fondo de inversión, fondo mutuo o ETF",
CFITODPA-E.SN,Toesca SA Administrative General De Fondos- Toesca Deuda Privada Fondo De Inversion,Excluida,"Fondo de inversión, fondo mutuo o ETF",
CFITODPA-E0.SN,"TOESCA DEUDA PRIVADA F. I., SER",Excluida,"Fondo de inversión, fondo mutuo o ETF",
CFITODPF-E0.SN,"TOESCA DEUDA PRIVADA FI, SERIE ",Excluida,"Fondo de inversión, fondo mutuo o ETF",
CFITODPX-E0.SN,"TOESCA DEUDA PRIVADA FI, SERIE ",Excluida,"Fondo de inversión, fondo mutuo o ETF",
CFITOERI1A1.SN,TOESCA RENTAS INMOBILIARIAS FI ,Excluida,"Fondo de inversión, fondo mutuo o ETF",
CFITOESC-A0.SN,"TOESCA SMALL CAP CHILE F.I., SE",Excluida,"Fondo de inversión, fondo mutuo o ETF",
CFITOESC-I0.SN,"TOESCA SMALL CAP CHILE F.I., SE",Excluida,"Fondo de inversión, fondo mutuo o ETF",
CFIVCBRA-E0.SN,VINCI COMPASS BRAZIL FIXED INCO,Excluida,"Fondo de inversión, fondo mutuo o ETF",
CFIVCCLA-E0.SN,"VINCI COMPASS CREDITO CHILE FI,",Excluida,"Fondo de inversión, fondo mutuo o ETF",
CFIVNTDP-E0.SN,FI VANTRUST CAPITAL DEUDA PRIVA,Excluida,"Fondo de inversión, fondo mutuo o ETF",
CFIVNTFIIV0.SN,FI VANTRUST FINANCIAMIENTO INMO,Excluida,"Fondo de inversión, fondo mutuo o ETF",
CFMCGACHA0.SN,FM COMPASS ACCIONES CHILENAS SE,Excluida,"Fondo de inversión, fondo mutuo o ETF",
CFMCGACHB0.SN,FM COMPASS ACCIONES CHILENAS SE,Excluida,"Fondo de inversión, fondo mutuo o ETF",
CFMCGACHD0.SN,"FM COMPASS ACCIONES CHILENAS, S",Excluida,"Fondo de inversión, fondo mutuo o ETF",
CFMCHAF0.SN,"FM BTG PACTUAL CHILE ACCION, SE",Excluida,"Fondo de inversión, fondo mutuo o ETF",
CFMITNIPSA.SN,Fondo Mutuo ETF IT NOW S&P IPSA UNICA,Excluida,"Fondo de inversión, fondo mutuo o ETF",
CFMITNIPSA0.SN,FONDO MUTUO ETF IT NOW ACCIONES,Excluida,"Fondo de inversión, fondo mutuo o ETF",
CFMLVENFIR0.SN,FONDO MUTUO LARRAIN VIAL ENFOQU,Excluida,"Fondo de inversión, fondo mutuo o ETF",
CFMLVENFIR1.SN,FONDO MUTUO LARRAIN VIAL ENFOQU,Excluida,"Fondo de inversión, fondo mutuo o ETF",
CFMLVENFR0.SN,FONDO MUTUO LARRAIN VIAL ENFOQU,Excluida,"Fondo de inversión, fondo mutuo o ETF",
CFMSECGLDK0.SN,"FONDO MUTUO SECURITY GOLD, SERI",Excluida,"Fondo de inversión, fondo mutuo o ETF",
CFMSTDRSCB0.SN,FM SANTANDER RENTA SELECTA CHIL,Excluida,"Fondo de inversión, fondo mutuo o ETF",
CFMTOEEQUB0.SN,"FM TOESCA CHILE EQUITIES, SERIE",Excluida,"Fondo de inversión, fondo mutuo o ETF",
CFMTOEEQUB1.SN,"FM TOESCA CHILE EQUITIES, SERIE",Excluida,"Fondo de inversión, fondo mutuo o ETF",
CFMTOEQU2B0.SN,"FM TOESCA CHILE EQUITIES, SERIE",Excluida,"Fondo de inversión, fondo mutuo o ETF",
CHILE0.SN,BANCO DE CHILE,Excluida,Variante de ticker sin datos,
CHILE1.SN,BANCO DE CHILE,Excluida,Variante de ticker sin datos,
CMCSACL1.SN,,Excluida,Variante de ticker sin datos,
CMPC1.SN,EMPRESAS CMPC S.A.,Excluida,Variante de ticker sin datos,
CONCHATORO0.SN,VINA CONCHA Y TORO S.A.,Excluida,Variante de ticker sin datos,
CONCHATORO1.SN,VINA CONCHA Y TORO S.A.,Excluida,Variante de ticker sin datos,
COPEC0.SN,EMPRESAS COPEC S.A.,Excluida,Variante de ticker sin datos,
COPEC1.SN,EMPRESAS COPEC S.A.,Excluida,Variante de ticker sin datos,
CRMCL1.SN,SALESFORCE INC.,Excluida,Variante de ticker sin datos,
CUPRUM.SN,Administradora de Fondos de Pensiones Cuprum S.A.,Excluida,AFP,
ECL0.SN,ENGIE ENERGIA CHILE S.A.,Excluida,Variante de ticker sin datos,
ECL1.SN,ENGIE ENERGIA CHILE S.A.,Excluida,Variante de ticker sin datos,
EEM1.SN,ISHARES MSCI EMERGING MARKETS E,Excluida,Variante de ticker sin datos,
EEMCL.SN,"iShares, Inc. - iShares MSCI Emerging Markets ETF",Excluida,Valor extranjero o ETF (mercado internacional),
EEMCL1.SN,ISHARES MSCI EMERGING MARKETS E,Excluida,Variante de ticker sin datos,
ENELAM1.SN,ENEL AMERICAS S.A.,Excluida,Variante de ticker sin datos,
ESPO1.SN,,Excluida,Variante de ticker sin datos,
ETHV1.SN,VANECK ETHEREUM ETF,Excluida,Valor extranjero o ETF (mercado internacional),
EWJ1.SN,ISHARES MSCI JAPAN ETF,Excluida,Valor extranjero o ETF (mercado internacional),
EWY1.SN,ISHARES MSCI SOUTH KOREA CAPPED,Excluida,Variante de ticker sin datos,
EWYCL1.SN,ISHARES MSCI SOUTH KOREA CAPPED,Excluida,Variante de ticker sin datos,
FALABELLA0.SN,FALABELLA S.A.,Excluida,Variante de ticker sin datos,
FALABELLA1.SN,FALABELLA S.A.,Excluida,Variante de ticker sin datos,
FXI1.SN,,Excluida,Variante de ticker sin datos,
GDX1.SN,VANECK GOLD MINERS ETF,Excluida,Valor extranjero o ETF (mercado internacional),
GECL1.SN,,Excluida,Variante de ticker sin datos,
GOOG1.SN,"ALPHABET INC. CL ""C""",Excluida,Variante de ticker sin datos,
GOOGCL1.SN,ALPHABET INC.,Excluida,Variante de ticker sin datos,
GOOGLCL1.SN,ALPHABET INC.,Excluida,Variante de ticker sin datos,
HABITAT.SN,Administradora de Fondos de Pensiones Habitat S.A.,Excluida,AFP,
HAL1.SN,HALLIBURTON CO,Excluida,Variante de ticker sin datos,
HDV-CL1.SN,,Excluida,Variante de ticker sin datos,
HDV1.SN,,Excluida,Variante de ticker sin datos,
HPQ1.SN,HP INC.,Excluida,Variante de ticker sin datos,
HWM.SN,Howmet Aerospace Inc.,Excluida,Valor extranjero o ETF (mercado internacional),
HWM1.SN,HOWMET AEROSPACE INC.,Excluida,Variante de ticker sin datos,
HWMCL1.SN,HOWMET AEROSPACE INC.,Excluida,Variante de ticker sin datos,
IAM1.SN,INVERSIONES AGUAS METROPOLITANA,Excluida,Variante de ticker sin datos,
IAU1.SN,ISHARES GOLD TRUST,Excluida,Variante de ticker sin datos,
IAUCL.SN,iShares Gold Trust,Excluida,Valor extranjero o ETF (mercado internacional),
IBIT.SN,"ISHARES BITCOIN TRUST, UNICA",Excluida,Valor extranjero o ETF (mercado internacional),
IBIT1.SN,"ISHARES BITCOIN TRUST, UNICA",Excluida,Variante de ticker sin datos,
IBITCL.SN,"ISHARES BITCOIN TRUST, UNICA",Excluida,Valor extranjero o ETF (mercado internacional),
IBITCL1.SN,"ISHARES BITCOIN TRUST, UNICA",Excluida,Variante de ticker sin datos,
IEF1.SN,ISHARES 7-10 YEAR TREASURY BOND,Excluida,Variante de ticker sin datos,
IEMGCL1.SN,ISHARES CORE MSIC EMERG MARKETS,Excluida,Variante de ticker sin datos,
IEV1.SN,ISHARES EUROPE ETF,Excluida,Valor extranjero o ETF (mercado internacional),
IGF.SN,iShares Trust - iShares Global Infrastructure ETF,Excluida,Valor extranjero o ETF (mercado internacional),
INDY1.SN,ISHARES INDIA 50 ETF,Excluida,Valor extranjero o ETF (mercado internacional),
INTC1.SN,INTEL CORPORATION,Excluida,Variante de ticker sin datos,
INTCCL.SN,Intel Corporation,Excluida,Valor extranjero o ETF (mercado internacional),
INTCCL1.SN,INTEL CORPORATION,Excluida,Variante de ticker sin datos,
ITAUCL0.SN,BANCO ITAU CHILE,Excluida,Variante de ticker sin datos,
ITOT.SN,iShares Trust - iShares Core S&P Total U.S. Stock Market ETF,Excluida,Valor extranjero o ETF (mercado internacional),
IVE1.SN,ISHARES S&P 500 VALUE ETF,Excluida,Valor extranjero o ETF (mercado internacional),
IVV.SN,iShares Core S&P 500 ETF,Excluida,Valor extranjero o ETF (mercado internacional),
IVV1.SN,ISHARES CORE S&P 500 ETF,Excluida,Valor extranjero o ETF (mercado internacional),
IVVCL.SN,iShares Trust - iShares Core S&P 500 ETF,Excluida,Valor extranjero o ETF (mercado internacional),
IVVCL1.SN,ISHARES CORE S&P 500 ETF,Excluida,Valor extranjero o ETF (mercado internacional),
IWDCL1.SN,ISHARES RUSSELL 1000 VALUE ETF,Excluida,Valor extranjero o ETF (mercado internacional),
IXUS1.SN,ISHARES CORE MSCI TOTAL INT. ST,Excluida,Variante de ticker sin datos,
IYC1.SN,ISHARES U.S. CONSUMER DISCRETIO,Excluida,Variante de ticker sin datos,
IYH1.SN,ISHARES U.S. HEALTHCARE ETF,Excluida,Valor extranjero o ETF (mercado internacional),
IYW1.SN,ISHARES U.S. TECHNOLOGY ETF,Excluida,Valor extranjero o ETF (mercado internacional),
IYWCL.SN,iShares Trust - iShares U.S. Technology ETF,Excluida,Valor extranjero o ETF (mercado internacional),
IYWCL1.SN,ISHARES U.S. TECHNOLOGY ETF,Excluida,Valor extranjero o ETF (mercado internacional),
JNJ1.SN,JOHNSON & JOHNSON,Excluida,Variante de ticker sin datos,
JPMCL1.SN,JPMORGAN CHASE & CO.,Excluida,Variante de ticker sin datos,
LLYCL1.SN,ELI LILLY & COMPANY,Excluida,Variante de ticker sin datos,
LQD1.SN,ISHARES IBOXX $ INV GRADE CORP.,Excluida,Variante de ticker sin datos,
LQDCL0.SN,,Excluida,Variante de ticker sin datos,
LTM0.SN,LATAM AIRLINES GROUP S.A.,Excluida,Variante de ticker sin datos,
LTM1.SN,LATAM AIRLINES GROUP S.A.,Excluida,Variante de ticker sin datos,
MALLPLAZA0.SN,PLAZA S.A.,Excluida,Variante de ticker sin datos,
MALLPLAZA1.SN,PLAZA S.A.,Excluida,Variante de ticker sin datos,
MCDCL1.SN,MCDONALDS CORP.,Excluida,Variante de ticker sin datos,
META1.SN,"META PLATFORMS, INC",Excluida,Variante de ticker sin datos,
METACL.SN,"Meta Platforms, Inc.",Excluida,Valor extranjero o ETF (mercado internacional),
METACL1.SN,"META PLATFORMS, INC",Excluida,Variante de ticker sin datos,
MSFTCL1.SN,MICROSOFT CORP.,Excluida,Variante de ticker sin datos,
NEM1.SN,NEWMONT MINING CORP,Excluida,Variante de ticker sin datos,
NEMCL.SN,Newmont Corporation,Excluida,Valor extranjero o ETF (mercado internacional),
NEMCL1.SN,NEWMONT MINING CORPORATION,Excluida,Variante de ticker sin datos,
NFLX.SN,"Netflix, Inc.",Excluida,Valor extranjero o ETF (mercado internacional),
NFLXCL1.SN,NETFLIX INC.,Excluida,Variante de ticker sin datos,
NVDA1.SN,NVIDIA CORP.,Excluida,Variante de ticker sin datos,
NVDACL1.SN,NVIDIA CORP.,Excluida,Variante de ticker sin datos,
ORCL1.SN,ORACLE CORPORATION,Excluida,Variante de ticker sin datos,
PAMPA1.SN,PAMPA INVESTMENTS S.A.,Excluida,Variante de ticker sin datos,
PARAUCO0.SN,PARQUE ARAUCO S.A.,Excluida,Variante de ticker sin datos,
PEPCL1.SN,PEPSICO INC.,Excluida,Variante de ticker sin datos,
PLANVITAL.SN,Administradora de Fondos de Pensiones PlanVital S.A.,Excluida,AFP,
PROVIDA.SN,Administradora de Fondos de Pensiones Provida S.A.,Excluida,AFP,
QQQ1.SN,"INVESCO QQQ TRUSTSM, SERIES 1",Excluida,Variante de ticker sin datos,
QTOP.SN,,Excluida,Valor extranjero o ETF (mercado internacional),
QUINENCO0.SN,QUINENCO S.A.,Excluida,Variante de ticker sin datos,
SCHWAGER1.SN,SCHWAGER S.A.,Excluida,Variante de ticker sin datos,
SLQD1.SN,ISHARES 0-5 YEAR INV GRADE CORP,Excluida,Variante de ticker sin datos,
SLV1.SN,ISHARES SILVER TRUST,Excluida,Variante de ticker sin datos,
SMH1.SN,VANECK SEMICONDUCTOR ETF,Excluida,Valor extranjero o ETF (mercado internacional),
SMU1.SN,SMU S.A.,Excluida,Variante de ticker sin datos,
SONDA1.SN,SONDA S.A.,Excluida,Variante de ticker sin datos,
SQM-B0.SN,SOC QUIMICA MINERA DE CHILE S.A,Excluida,Variante de ticker sin datos,
SQM-B1.SN,SOC QUIMICA MINERA DE CHILE S.A,Excluida,Variante de ticker sin datos,
TECBCL.SN,iShares Trust - iShares U.S. Tech Breakthrough Multisector ETF,Excluida,Valor extranjero o ETF (mercado internacional),
TGT1.SN,TARGET CORP,Excluida,Variante de ticker sin datos,
TLT1.SN,ISHARES 20+ YEAR TREASURY BOND ,Excluida,Variante de ticker sin datos,
TSLA1.SN,TESLA INC.,Excluida,Variante de ticker sin datos,
TSLACL1.SN,TESLA INC.,Excluida,Variante de ticker sin datos,
UNHCL1.SN,UNITEDHEALTH GROUP INC.,Excluida,Variante de ticker sin datos,
VAPORES0.SN,COMPANIA SUD AMERICANA DE VAPOR,Excluida,Variante de ticker sin datos,
VCL.SN,Visa Inc.,Excluida,Valor extranjero o ETF (mercado internacional),
WALMARTCL.SN,Walmart Inc.,Excluida,Valor extranjero o ETF (mercado internacional),
